<?xml version="1.0" encoding="UTF-8"?>
<!DOCTYPE mapper PUBLIC "-//mybatis.org//DTD Mapper 3.0//EN" "http://mybatis.org/dtd/mybatis-3-mapper.dtd">
<mapper namespace="cn.mvapi.xiaobao.common.system.mapper.SysMenuDao">

    <!-- 通用查询映射结果 -->
    <resultMap id="BaseResultMap" type="cn.mvapi.xiaobao.common.system.entity.SysMenu">
        <id column="menu_id" property="menuId" />
        <result column="parent_id" property="parentId" />
        <result column="name" property="name" />
        <result column="url" property="url" />
        <result column="perms" property="perms" />
        <result column="type" property="type" />
        <result column="icon" property="icon" />
        <result column="order_num" property="orderNum" />
        <result column="create_by" property="createBy" />
        <result column="create_date" property="createDate" />
        <result column="update_by" property="updateBy" />
        <result column="update_date" property="updateDate" />
        <result column="remarks" property="remarks" />
        <result column="del_flag" property="delFlag" />
    </resultMap>

    <!-- 通用查询结果列 -->
    <sql id="Base_Column_List">
        menu_id, parent_id, name, url, perms, type, icon, order_num, create_by, create_date, update_by, update_date, remarks, del_flag
    </sql>

</mapper>
