<?xml version="1.0" encoding="UTF-8"?>
<!DOCTYPE mapper PUBLIC "-//mybatis.org//DTD Mapper 3.0//EN" "http://mybatis.org/dtd/mybatis-3-mapper.dtd">
<mapper namespace="cn.mvapi.xiaobao.common.system.mapper.SysUserDao">

    <!-- 通用查询映射结果 -->
    <resultMap id="BaseResultMap" type="cn.mvapi.xiaobao.common.system.entity.SysUser">
        <id column="user_id" property="userId" />
        <result column="username" property="username" />
        <result column="password" property="password" />
        <result column="salt" property="salt" />
        <result column="email" property="email" />
        <result column="mobile" property="mobile" />
        <result column="status" property="status" />
        <result column="create_by" property="createBy" />
        <result column="create_date" property="createDate" />
        <result column="update_by" property="updateBy" />
        <result column="update_date" property="updateDate" />
        <result column="remarks" property="remarks" />
        <result column="del_flag" property="delFlag" />
    </resultMap>

    <!-- 通用查询结果列 -->
    <sql id="Base_Column_List">
        user_id, username, password, salt, email, mobile, status, create_by, create_date, update_by, update_date, remarks, del_flag
    </sql>

</mapper>
