
{"data":
[{"check":"","id":"100137","title":"普通管理员","type":"通知","person":"何杰","date":"2017-04-05","oper":"1"},
  {"check":"","id":"100137","title":"超级管理员","type":"通知","person":"何杰","date":"2017-04-05","oper":"1"},
  {"check":"","id":"100137","title":"系统管理员","type":"通知","person":"何杰","date":"2017-04-05","oper":"1"},
  {"check":"","id":"100137","title":"超级管理员","type":"通知","person":"何杰","date":"2017-04-05","oper":"1"},
  {"check":"","id":"100137","title":"普通管理员","type":"通知","person":"何杰","date":"2017-04-05","oper":"1"},
  {"check":"","id":"100137","title":"普通管理员","type":"通知","person":"何杰","date":"2017-04-05","oper":"1"},
  {"check":"","id":"100137","title":"普通管理员","type":"通知","person":"何杰","date":"2017-04-05","oper":"1"},
  {"check":"","id":"100137","title":"普通管理员","type":"通知","person":"何杰","date":"2017-04-05","oper":"1"},
  {"check":"","id":"100137","title":"普通管理员","type":"通知","person":"何杰","date":"2017-04-05","oper":"1"},
  {"check":"","id":"100137","title":"普通管理员","type":"通知","person":"何杰","date":"2017-04-05","oper":"1"},
  {"check":"","id":"100137","title":"普通管理员","type":"通知","person":"何杰","date":"2017-04-05","oper":"1"}

]}